"CustomerID","Age","Gender","TenureMonths","ContractType","MonthlyCharges","TotalCharges","Churn"
1,48,"Male",114,"Month-to-month",180.79,20610.06,"No"
2,32,"Male",95,"Two year",88.07,8366.65,"No"
3,68,"Male",14,"Month-to-month",145.2,2032.8,"No"
4,31,"Female",84,"Month-to-month",149.12,12526.08,"No"
5,20,"Female",104,"Month-to-month",142.85,14856.4,"No"
6,59,"Male",88,"Two year",74.07,6518.16,"No"
7,67,"Male",37,"One year",74.47,2755.39,"No"
8,71,"Female",105,"Month-to-month",105.7,11098.5,"Yes"
9,60,"Male",93,"Month-to-month",28.73,2671.89,"No"
10,54,"Female",10,"One year",108.49,1084.9,"No"
11,69,"Female",49,"One year",125.95,6171.55,"No"
12,31,"Female",52,"Month-to-month",62.24,3236.48,"No"
13,71,"Male",71,"Month-to-month",193.63,13747.73,"No"
14,42,"Male",22,"Month-to-month",48.8,1073.6,"No"
15,43,"Male",44,"Month-to-month",123.54,5435.76,"No"
16,44,"Female",96,"Month-to-month",95.74,9191.04,"No"
17,22,"Female",11,"Two year",42.04,462.44,"No"
18,68,"Female",18,"Month-to-month",85.57,1540.26,"No"
19,44,"Male",12,"One year",199.77,2397.24,"No"
20,74,"Female",71,"Month-to-month",163.62,11617.02,"Yes"
21,45,"Female",3,"Month-to-month",82.97,248.91,"No"
22,74,"Male",59,"One year",188.66,11130.94,"No"
23,26,"Male",46,"Month-to-month",148.38,6825.48,"No"
24,46,"Male",82,"One year",109.14,8949.48,"Yes"
25,52,"Male",63,"Month-to-month",166.2,10470.6,"No"
26,25,"Male",112,"Month-to-month",137.89,15443.68,"No"
27,43,"Male",49,"Month-to-month",84.93,4161.57,"No"
28,24,"Male",70,"One year",104.95,7346.5,"Yes"
29,59,"Female",30,"One year",127.7,3831,"No"
30,26,"Female",70,"Month-to-month",150.72,10550.4,"No"
31,79,"Female",36,"Two year",84.08,3026.88,"No"
32,36,"Female",53,"Month-to-month",125.57,6655.21,"No"
33,53,"Female",29,"Two year",112.99,3276.71,"Yes"
34,31,"Male",37,"One year",126.83,4692.71,"No"
35,34,"Male",61,"Month-to-month",179.89,10973.29,"No"
36,60,"Female",110,"Month-to-month",176.08,19368.8,"No"
37,56,"Female",42,"Month-to-month",169.62,7124.04,"Yes"
38,70,"Female",104,"One year",49.11,5107.44,"Yes"
39,29,"Male",54,"Two year",79.65,4301.1,"No"
40,32,"Female",42,"Month-to-month",186.71,7841.82,"No"
41,49,"Male",55,"One year",186.51,10258.05,"No"
42,59,"Female",62,"One year",134.57,8343.34,"No"
43,62,"Female",46,"Month-to-month",162.72,7485.12,"Yes"
44,24,"Female",29,"Month-to-month",122.91,3564.39,"No"
45,26,"Female",111,"Two year",27.09,3006.99,"Yes"
46,58,"Female",51,"Month-to-month",71.78,3660.78,"Yes"
47,27,"Male",32,"One year",106.55,3409.6,"No"
48,40,"Male",1,"One year",98.28,98.28,"No"
49,44,"Male",34,"Month-to-month",187.84,6386.56,"No"
50,77,"Female",79,"Month-to-month",136.22,10761.38,"Yes"
51,70,"Female",10,"Month-to-month",20.15,201.5,"No"
52,24,"Female",69,"Month-to-month",23.51,1622.19,"No"
53,70,"Male",5,"Month-to-month",73.46,367.3,"Yes"
54,44,"Male",55,"Month-to-month",69.27,3809.85,"No"
55,49,"Male",81,"One year",169.3,13713.3,"No"
56,55,"Female",113,"Two year",149.79,16926.27,"No"
57,42,"Male",114,"Month-to-month",142.5,16245,"No"
58,51,"Female",2,"Month-to-month",89.16,178.32,"Yes"
59,46,"Male",27,"Month-to-month",53.35,1440.45,"No"
60,22,"Male",62,"Month-to-month",58.11,3602.82,"No"
61,25,"Female",11,"Month-to-month",146.66,1613.26,"No"
62,29,"Female",64,"Month-to-month",67.25,4304,"No"
63,80,"Male",101,"Two year",60.74,6134.74,"No"
64,30,"Male",81,"Month-to-month",126.77,10268.37,"No"
65,35,"Female",63,"Month-to-month",46.53,2931.39,"No"
66,50,"Female",110,"One year",29.19,3210.9,"Yes"
67,74,"Male",99,"One year",22.5,2227.5,"No"
68,44,"Male",42,"Month-to-month",165.47,6949.74,"No"
69,42,"Male",13,"Month-to-month",164.46,2137.98,"No"
70,55,"Female",64,"Month-to-month",22.71,1453.44,"Yes"
71,38,"Male",57,"Month-to-month",127.15,7247.55,"No"
72,32,"Male",94,"Month-to-month",75.33,7081.02,"No"
73,58,"Male",31,"Month-to-month",129.1,4002.1,"No"
74,64,"Male",51,"Month-to-month",58.81,2999.31,"No"
75,43,"Female",98,"One year",190.62,18680.76,"No"
76,77,"Male",17,"Month-to-month",39.06,664.02,"Yes"
77,48,"Female",73,"Month-to-month",41.51,3030.23,"No"
78,33,"Male",115,"One year",45.3,5209.5,"No"
79,69,"Female",50,"Month-to-month",72.71,3635.5,"No"
80,47,"Male",73,"Month-to-month",127.77,9327.21,"No"
81,23,"Female",62,"One year",57.63,3573.06,"No"
82,60,"Female",59,"One year",101.42,5983.78,"No"
83,25,"Male",58,"Month-to-month",101.51,5887.58,"No"
84,39,"Female",86,"Month-to-month",88.72,7629.92,"No"
85,39,"Female",110,"Month-to-month",197.76,21753.6,"No"
86,56,"Male",47,"One year",21.83,1026.01,"No"
87,48,"Male",32,"Month-to-month",175.79,5625.28,"No"
88,65,"Male",102,"Month-to-month",36.69,3742.38,"No"
89,34,"Male",104,"One year",52.78,5489.12,"No"
90,71,"Female",116,"Month-to-month",100.6,11669.6,"No"
91,67,"Female",66,"Month-to-month",151.24,9981.84,"No"
92,66,"Male",1,"Two year",54.19,54.19,"No"
93,51,"Male",18,"Month-to-month",45.08,811.44,"No"
94,21,"Male",71,"One year",58.3,4139.3,"No"
95,30,"Male",91,"One year",50.37,4583.67,"No"
96,22,"Female",71,"Month-to-month",173.55,12322.05,"No"
97,71,"Male",36,"One year",153.2,5515.2,"No"
98,80,"Female",69,"Month-to-month",122.54,8455.26,"No"
99,68,"Female",75,"Month-to-month",173.96,13047,"No"
100,42,"Female",27,"Month-to-month",46.69,1260.63,"Yes"
101,69,"Male",95,"One year",87.94,8354.3,"Yes"
102,39,"Female",42,"Month-to-month",77.54,3256.68,"No"
103,42,"Female",75,"Month-to-month",25.39,1904.25,"No"
104,49,"Female",28,"Month-to-month",89.81,2514.68,"Yes"
105,63,"Female",33,"One year",147.7,4874.1,"No"
106,42,"Male",106,"Month-to-month",64.67,6855.02,"Yes"
107,40,"Female",32,"One year",136.62,4371.84,"No"
108,52,"Male",87,"Month-to-month",50.15,4363.05,"No"
109,57,"Male",85,"Two year",159.03,13517.55,"No"
110,65,"Female",44,"Two year",106.28,4676.32,"No"
111,47,"Female",103,"One year",30.87,3179.61,"No"
112,29,"Male",62,"Month-to-month",158.73,9841.26,"No"
113,48,"Male",37,"Month-to-month",177.86,6580.82,"Yes"
114,74,"Male",96,"One year",126.15,12110.4,"No"
115,63,"Male",114,"Month-to-month",129.76,14792.64,"Yes"
116,47,"Male",40,"Month-to-month",95.72,3828.8,"Yes"
117,52,"Male",79,"Month-to-month",28.73,2269.67,"No"
118,31,"Male",96,"One year",137.17,13168.32,"No"
119,46,"Female",71,"Month-to-month",110.34,7834.14,"No"
120,49,"Female",14,"Month-to-month",161.55,2261.7,"No"
121,24,"Male",106,"Month-to-month",118.46,12556.76,"No"
122,20,"Male",56,"Month-to-month",99.94,5596.64,"Yes"
123,40,"Female",48,"One year",170.8,8198.4,"Yes"
124,71,"Male",89,"Month-to-month",141.63,12605.07,"No"
125,75,"Male",3,"One year",29.3,87.9,"No"
126,32,"Male",118,"Month-to-month",42.68,5036.24,"Yes"
127,38,"Female",23,"Month-to-month",168.75,3881.25,"No"
128,54,"Male",75,"Two year",92.26,6919.5,"No"
129,25,"Female",61,"One year",110.91,6765.51,"No"
130,68,"Female",95,"One year",80.68,7664.6,"No"
131,27,"Female",62,"Month-to-month",132.29,8201.98,"No"
132,67,"Female",67,"Two year",123.96,8305.32,"No"
133,59,"Female",8,"Month-to-month",60,480,"Yes"
134,61,"Female",60,"One year",135.12,8107.2,"No"
135,51,"Female",91,"Month-to-month",84.21,7663.11,"Yes"
136,27,"Male",91,"One year",101.15,9204.65,"No"
137,39,"Female",49,"Month-to-month",92.12,4513.88,"No"
138,80,"Male",89,"One year",59.92,5332.88,"No"
139,29,"Male",28,"Month-to-month",64.62,1809.36,"No"
140,37,"Female",28,"One year",51.73,1448.44,"No"
141,63,"Female",118,"One year",97.82,11542.76,"No"
142,34,"Male",77,"Month-to-month",129.74,9989.98,"No"
143,79,"Female",79,"One year",93.63,7396.77,"Yes"
144,63,"Male",44,"Month-to-month",184.27,8107.88,"No"
145,71,"Male",105,"Month-to-month",70.59,7411.95,"No"
146,52,"Female",51,"Month-to-month",58.81,2999.31,"Yes"
147,57,"Female",51,"Month-to-month",119.44,6091.44,"No"
148,63,"Male",31,"Month-to-month",83.03,2573.93,"Yes"
149,68,"Female",102,"Month-to-month",188.85,19262.7,"No"
150,47,"Male",77,"One year",133.32,10265.64,"No"
151,32,"Female",41,"Month-to-month",98.66,4045.06,"No"
152,41,"Male",75,"One year",72.12,5409,"No"
153,66,"Male",57,"Month-to-month",26.6,1516.2,"No"
154,40,"Female",46,"Month-to-month",118.71,5460.66,"No"
155,60,"Female",51,"One year",77.67,3961.17,"No"
156,24,"Female",60,"Month-to-month",106.58,6394.8,"Yes"
157,46,"Female",62,"Month-to-month",165.68,10272.16,"No"
158,32,"Female",117,"Two year",59.38,6947.46,"No"
159,40,"Female",55,"Two year",36.09,1984.95,"No"
160,43,"Female",114,"One year",163.48,18636.72,"Yes"
161,55,"Female",22,"One year",51.39,1130.58,"No"
162,63,"Female",24,"Two year",164.24,3941.76,"No"
163,80,"Female",117,"One year",26.65,3118.05,"No"
164,49,"Male",109,"Month-to-month",172.48,18800.32,"No"
165,24,"Male",12,"One year",167.9,2014.8,"No"
166,44,"Male",115,"Month-to-month",181.57,20880.55,"No"
167,59,"Male",44,"Month-to-month",87.37,3844.28,"No"
168,22,"Male",90,"One year",75.13,6761.7,"Yes"
169,23,"Male",117,"Month-to-month",185.41,21692.97,"No"
170,33,"Male",20,"Two year",77.81,1556.2,"No"
171,41,"Female",100,"Month-to-month",186.56,18656,"No"
172,49,"Female",61,"Month-to-month",128.55,7841.55,"Yes"
173,38,"Female",92,"One year",124.61,11464.12,"No"
174,72,"Male",119,"One year",152.42,18137.98,"No"
175,28,"Male",80,"Month-to-month",91.94,7355.2,"No"
176,53,"Female",49,"Month-to-month",86.07,4217.43,"No"
177,61,"Female",44,"Month-to-month",97.62,4295.28,"No"
178,63,"Male",66,"Month-to-month",80.48,5311.68,"No"
179,77,"Female",37,"One year",145.66,5389.42,"No"
180,78,"Male",19,"Month-to-month",68.28,1297.32,"No"
181,36,"Male",77,"Two year",173.63,13369.51,"No"
182,42,"Male",103,"One year",187.55,19317.65,"No"
183,56,"Female",94,"Month-to-month",103.64,9742.16,"No"
184,71,"Male",56,"Month-to-month",21.09,1181.04,"Yes"
185,43,"Male",5,"Month-to-month",189.35,946.75,"No"
186,26,"Male",71,"Month-to-month",98.02,6959.42,"Yes"
187,24,"Female",16,"Month-to-month",169.98,2719.68,"No"
188,51,"Female",108,"Two year",112.74,12175.92,"Yes"
189,65,"Male",107,"Month-to-month",106.41,11385.87,"No"
190,30,"Male",83,"One year",46.04,3821.32,"No"
191,36,"Male",102,"One year",30.43,3103.86,"No"
192,73,"Female",56,"Month-to-month",137.01,7672.56,"No"
193,69,"Male",26,"Month-to-month",87.24,2268.24,"No"
194,64,"Male",108,"One year",24.43,2638.44,"No"
195,56,"Male",45,"Month-to-month",33.47,1506.15,"No"
196,21,"Male",38,"Month-to-month",169.44,6438.72,"No"
197,18,"Male",10,"Month-to-month",152.17,1521.7,"No"
198,57,"Female",40,"Month-to-month",28.66,1146.4,"No"
199,47,"Male",10,"One year",150.51,1505.1,"No"
200,47,"Female",38,"Two year",22.49,854.62,"No"
201,69,"Male",91,"Month-to-month",129.97,11827.27,"No"
202,42,"Male",51,"Two year",60.06,3063.06,"No"
203,33,"Female",29,"Month-to-month",131.69,3819.01,"No"
204,41,"Female",94,"One year",121.59,11429.46,"No"
205,71,"Female",87,"Month-to-month",111.34,9686.58,"No"
206,28,"Female",113,"Month-to-month",66.32,7494.16,"No"
207,65,"Female",54,"Month-to-month",84.6,4568.4,"No"
208,37,"Female",85,"Month-to-month",71.84,6106.4,"No"
209,57,"Female",66,"Month-to-month",54.2,3577.2,"No"
210,20,"Male",87,"Month-to-month",133.49,11613.63,"No"
211,46,"Male",64,"Month-to-month",21.94,1404.16,"Yes"
212,53,"Female",19,"One year",46.07,875.33,"No"
213,69,"Female",19,"Month-to-month",111.69,2122.11,"No"
214,61,"Male",116,"Month-to-month",103.84,12045.44,"No"
215,39,"Female",77,"Two year",113.79,8761.83,"No"
216,66,"Female",33,"Month-to-month",144.33,4762.89,"No"
217,59,"Male",38,"Month-to-month",199.99,7599.62,"Yes"
218,76,"Male",64,"Month-to-month",190.8,12211.2,"No"
219,37,"Female",37,"Month-to-month",191.44,7083.28,"No"
220,28,"Female",114,"Two year",143.15,16319.1,"Yes"
221,74,"Female",71,"Month-to-month",152.51,10828.21,"No"
222,72,"Female",26,"One year",192.23,4997.98,"Yes"
223,25,"Female",81,"One year",57.31,4642.11,"No"
224,63,"Female",47,"Month-to-month",141.46,6648.62,"No"
225,38,"Male",101,"Month-to-month",37.58,3795.58,"No"
226,62,"Male",37,"Month-to-month",109.77,4061.49,"No"
227,19,"Female",32,"One year",156.45,5006.4,"No"
228,60,"Female",45,"Month-to-month",22.16,997.2,"No"
229,30,"Female",40,"One year",48.78,1951.2,"No"
230,63,"Male",115,"Month-to-month",39.86,4583.9,"No"
231,23,"Female",97,"Month-to-month",164.54,15960.38,"No"
232,74,"Male",36,"One year",87.48,3149.28,"No"
233,25,"Male",56,"Month-to-month",133.51,7476.56,"No"
234,61,"Male",50,"Month-to-month",157.13,7856.5,"No"
235,49,"Male",68,"Month-to-month",64.75,4403,"No"
236,75,"Female",40,"One year",87.24,3489.6,"No"
237,53,"Male",28,"Month-to-month",81.11,2271.08,"Yes"
238,62,"Male",56,"Month-to-month",147.2,8243.2,"No"
239,78,"Female",85,"Month-to-month",122.9,10446.5,"No"
240,31,"Male",54,"One year",45.87,2476.98,"Yes"
241,70,"Male",55,"Month-to-month",73.4,4037,"No"
242,33,"Male",87,"Month-to-month",90.56,7878.72,"No"
243,40,"Male",36,"One year",114,4104,"No"
244,78,"Male",82,"Month-to-month",125.46,10287.72,"No"
245,50,"Male",46,"Month-to-month",75.63,3478.98,"No"
246,57,"Male",28,"Month-to-month",84.74,2372.72,"No"
247,57,"Female",95,"Month-to-month",187.28,17791.6,"No"
248,27,"Female",12,"One year",118.09,1417.08,"No"
249,42,"Male",11,"One year",126.02,1386.22,"No"
250,25,"Male",88,"One year",65.21,5738.48,"Yes"
251,35,"Male",30,"Month-to-month",89.98,2699.4,"No"
252,78,"Male",11,"One year",136.27,1498.97,"No"
253,70,"Male",88,"One year",85.75,7546,"No"
254,26,"Male",17,"Two year",104.19,1771.23,"No"
255,24,"Female",23,"Month-to-month",51.86,1192.78,"No"
256,24,"Male",98,"Month-to-month",106.62,10448.76,"No"
257,75,"Male",74,"Two year",187.68,13888.32,"No"
258,78,"Male",54,"One year",24.62,1329.48,"No"
259,77,"Female",4,"Month-to-month",88.97,355.88,"No"
260,27,"Female",70,"Month-to-month",65.05,4553.5,"No"
261,41,"Female",74,"One year",123.98,9174.52,"No"
262,80,"Male",83,"Month-to-month",32.27,2678.41,"No"
263,71,"Female",102,"One year",137.07,13981.14,"No"
264,40,"Female",41,"One year",29.75,1219.75,"No"
265,43,"Male",92,"Month-to-month",72.39,6659.88,"No"
266,60,"Male",120,"Two year",75.92,9110.4,"Yes"
267,50,"Female",48,"Month-to-month",99.5,4776,"No"
268,74,"Female",109,"One year",98.5,10736.5,"No"
269,78,"Female",73,"Month-to-month",198.59,14497.07,"No"
270,46,"Female",7,"Month-to-month",130.1,910.7,"No"
271,68,"Female",51,"One year",76.7,3911.7,"No"
272,27,"Female",24,"Month-to-month",175.24,4205.76,"No"
273,70,"Female",106,"One year",80.79,8563.74,"No"
274,71,"Female",82,"Two year",140.89,11552.98,"Yes"
275,30,"Male",88,"Month-to-month",181.91,16008.08,"Yes"
276,60,"Male",120,"One year",171.96,20635.2,"No"
277,28,"Female",72,"Month-to-month",36.13,2601.36,"No"
278,42,"Male",64,"One year",73.88,4728.32,"No"
279,69,"Female",60,"One year",115.56,6933.6,"Yes"
280,43,"Male",16,"Month-to-month",88.24,1411.84,"No"
281,24,"Male",47,"Month-to-month",172.15,8091.05,"No"
282,42,"Female",82,"One year",174.99,14349.18,"No"
283,40,"Female",29,"Month-to-month",142.64,4136.56,"Yes"
284,43,"Male",61,"Month-to-month",110.09,6715.49,"Yes"
285,49,"Female",113,"One year",164.17,18551.21,"Yes"
286,37,"Male",62,"One year",28.36,1758.32,"No"
287,78,"Male",25,"One year",67.12,1678,"No"
288,41,"Female",80,"Month-to-month",55.75,4460,"No"
289,74,"Female",69,"Two year",166.91,11516.79,"No"
290,26,"Female",23,"Month-to-month",171.77,3950.71,"No"
291,58,"Female",67,"Two year",169.91,11383.97,"No"
292,54,"Female",70,"Month-to-month",68.72,4810.4,"No"
293,40,"Female",120,"One year",23.51,2821.2,"Yes"
294,31,"Male",89,"Month-to-month",133.51,11882.39,"No"
295,63,"Male",19,"One year",154.65,2938.35,"No"
296,23,"Female",11,"One year",111.02,1221.22,"Yes"
297,44,"Male",107,"Month-to-month",85.63,9162.41,"No"
298,18,"Male",12,"Month-to-month",75.77,909.24,"Yes"
299,43,"Female",97,"Month-to-month",84.73,8218.81,"No"
300,59,"Male",62,"Month-to-month",85.32,5289.84,"No"
301,66,"Male",72,"Month-to-month",116.96,8421.12,"Yes"
302,75,"Female",71,"Two year",137.43,9757.53,"No"
303,34,"Male",79,"Month-to-month",92.61,7316.19,"No"
304,46,"Male",101,"Month-to-month",124.94,12618.94,"No"
305,43,"Female",99,"One year",145.24,14378.76,"No"
306,44,"Female",7,"One year",180.47,1263.29,"No"
307,38,"Male",13,"Month-to-month",190.63,2478.19,"No"
308,24,"Female",84,"Month-to-month",95.75,8043,"No"
309,77,"Female",73,"Month-to-month",134.59,9825.07,"No"
310,70,"Female",117,"Month-to-month",52.03,6087.51,"No"
311,43,"Male",12,"Two year",34.46,413.52,"No"
312,58,"Female",78,"Month-to-month",121.86,9505.08,"No"
313,37,"Female",103,"One year",167.06,17207.18,"No"
314,23,"Female",92,"Month-to-month",156.75,14421,"No"
315,67,"Female",73,"Month-to-month",122.93,8973.89,"No"
316,47,"Male",96,"Month-to-month",197.98,19006.08,"No"
317,48,"Male",119,"Month-to-month",199.13,23696.47,"No"
318,46,"Male",36,"Month-to-month",77.86,2802.96,"No"
319,34,"Male",83,"Month-to-month",50.96,4229.68,"Yes"
320,54,"Male",105,"Month-to-month",86.97,9131.85,"No"
321,74,"Female",34,"Month-to-month",117.01,3978.34,"No"
322,37,"Female",61,"Two year",166.02,10127.22,"No"
323,52,"Male",56,"Month-to-month",145.76,8162.56,"No"
324,42,"Male",113,"Two year",181.99,20564.87,"No"
325,63,"Female",76,"Month-to-month",150.19,11414.44,"No"
326,50,"Female",14,"Month-to-month",65.91,922.74,"No"
327,19,"Male",74,"Month-to-month",75.56,5591.44,"Yes"
328,21,"Male",103,"Month-to-month",154.43,15906.29,"No"
329,27,"Female",16,"One year",56.94,911.04,"No"
330,50,"Female",98,"Two year",71.48,7005.04,"No"
331,22,"Male",74,"One year",181.8,13453.2,"No"
332,70,"Male",115,"One year",50.24,5777.6,"No"
333,42,"Male",66,"Month-to-month",45.85,3026.1,"No"
334,25,"Male",21,"One year",152.03,3192.63,"No"
335,72,"Male",8,"Month-to-month",117.71,941.68,"Yes"
336,42,"Female",33,"Month-to-month",117.63,3881.79,"No"
337,38,"Female",97,"Month-to-month",146.57,14217.29,"No"
338,62,"Male",79,"Two year",137.27,10844.33,"No"
339,35,"Male",88,"Month-to-month",157.02,13817.76,"No"
340,59,"Female",18,"Month-to-month",70.54,1269.72,"No"
341,48,"Male",120,"Month-to-month",197.14,23656.8,"Yes"
342,23,"Male",99,"One year",193.46,19152.54,"No"
343,24,"Male",16,"One year",25.06,400.96,"No"
344,78,"Male",4,"Month-to-month",154.47,617.88,"No"
345,58,"Male",39,"One year",86.02,3354.78,"No"
346,65,"Female",98,"Month-to-month",83.73,8205.54,"No"
347,34,"Female",62,"Month-to-month",23.49,1456.38,"No"
348,70,"Male",110,"Month-to-month",156.6,17226,"Yes"
349,62,"Male",92,"One year",48.37,4450.04,"No"
350,45,"Male",36,"Month-to-month",40.21,1447.56,"No"
351,80,"Female",113,"Month-to-month",148.49,16779.37,"No"
352,70,"Female",83,"Two year",100.14,8311.62,"Yes"
353,57,"Female",23,"Two year",24.71,568.33,"Yes"
354,70,"Male",72,"Month-to-month",185.55,13359.6,"No"
355,80,"Male",19,"Month-to-month",161.29,3064.51,"No"
356,24,"Female",71,"One year",96.52,6852.92,"Yes"
357,37,"Male",76,"One year",43.24,3286.24,"No"
358,35,"Female",66,"Month-to-month",167.37,11046.42,"No"
359,46,"Male",18,"Month-to-month",149.03,2682.54,"Yes"
360,34,"Male",57,"Month-to-month",94.19,5368.83,"No"
361,50,"Male",48,"Month-to-month",51.48,2471.04,"Yes"
362,19,"Female",23,"Month-to-month",21.94,504.62,"No"
363,66,"Female",113,"Month-to-month",81.36,9193.68,"No"
364,19,"Male",11,"One year",54.09,594.99,"No"
365,30,"Male",2,"Month-to-month",121.22,242.44,"No"
366,41,"Male",46,"Month-to-month",125.86,5789.56,"Yes"
367,66,"Female",89,"Month-to-month",70.72,6294.08,"No"
368,80,"Male",89,"Month-to-month",186.68,16614.52,"No"
369,20,"Female",17,"Month-to-month",146.72,2494.24,"Yes"
370,35,"Female",22,"Month-to-month",69.76,1534.72,"No"
371,19,"Female",77,"Month-to-month",148.73,11452.21,"No"
372,54,"Male",86,"Month-to-month",129.57,11143.02,"No"
373,80,"Female",25,"Month-to-month",93.48,2337,"No"
374,29,"Female",55,"Month-to-month",50.12,2756.6,"No"
375,74,"Male",73,"Month-to-month",24.4,1781.2,"No"
376,30,"Male",111,"Two year",47.85,5311.35,"Yes"
377,59,"Male",60,"One year",125.58,7534.8,"No"
378,78,"Male",35,"Month-to-month",59.33,2076.55,"Yes"
379,23,"Female",88,"Month-to-month",27.99,2463.12,"No"
380,59,"Male",102,"One year",184.61,18830.22,"No"
381,59,"Male",42,"Two year",176.63,7418.46,"No"
382,55,"Male",76,"One year",168.76,12825.76,"No"
383,77,"Male",15,"Month-to-month",129.74,1946.1,"No"
384,65,"Male",105,"Month-to-month",150.25,15776.25,"No"
385,33,"Female",15,"Month-to-month",163.44,2451.6,"Yes"
386,52,"Female",36,"Month-to-month",176.18,6342.48,"No"
387,53,"Male",25,"Month-to-month",146.06,3651.5,"No"
388,44,"Female",41,"One year",80.41,3296.81,"Yes"
389,44,"Female",5,"One year",109.58,547.9,"No"
390,52,"Male",78,"Month-to-month",159.72,12458.16,"Yes"
391,78,"Male",81,"One year",95.45,7731.45,"No"
392,40,"Male",2,"Month-to-month",124.94,249.88,"No"
393,20,"Male",51,"Month-to-month",74.1,3779.1,"No"
394,48,"Female",101,"One year",46.47,4693.47,"No"
395,65,"Male",88,"Two year",69.6,6124.8,"No"
396,19,"Female",75,"Month-to-month",56.53,4239.75,"No"
397,64,"Male",33,"One year",60.54,1997.82,"No"
398,40,"Male",7,"Month-to-month",113.59,795.13,"No"
399,20,"Female",15,"Month-to-month",185.71,2785.65,"Yes"
400,26,"Female",90,"Month-to-month",124.66,11219.4,"No"
401,78,"Female",101,"Month-to-month",67.07,6774.07,"No"
402,56,"Female",87,"Two year",87.31,7595.97,"Yes"
403,47,"Male",11,"One year",121.44,1335.84,"No"
404,48,"Female",48,"One year",48.71,2338.08,"No"
405,47,"Female",25,"One year",140.74,3518.5,"No"
406,26,"Female",10,"Month-to-month",23.29,232.9,"No"
407,53,"Female",98,"Month-to-month",22.23,2178.54,"Yes"
408,51,"Male",28,"Month-to-month",139.64,3909.92,"No"
409,39,"Female",6,"One year",57,342,"No"
410,75,"Female",12,"Month-to-month",89.1,1069.2,"No"
411,61,"Male",19,"One year",48.71,925.49,"No"
412,58,"Female",108,"Two year",147.54,15934.32,"Yes"
413,45,"Male",35,"One year",130.66,4573.1,"No"
414,46,"Male",8,"One year",30.99,247.92,"No"
415,78,"Male",55,"Month-to-month",93.13,5122.15,"No"
416,60,"Male",92,"Month-to-month",38.91,3579.72,"No"
417,56,"Male",109,"Month-to-month",92.45,10077.05,"No"
418,62,"Female",48,"One year",102.02,4896.96,"No"
419,54,"Male",2,"Month-to-month",132.44,264.88,"No"
420,60,"Female",77,"Month-to-month",34.19,2632.63,"Yes"
421,50,"Female",109,"Month-to-month",81.56,8890.04,"No"
422,36,"Male",53,"Month-to-month",24.26,1285.78,"Yes"
423,29,"Male",102,"Month-to-month",81.47,8309.94,"No"
424,51,"Female",83,"One year",161.01,13363.83,"No"
425,38,"Female",31,"One year",153.42,4756.02,"No"
426,34,"Male",75,"Two year",166.91,12518.25,"No"
427,80,"Male",108,"Month-to-month",30,3240,"No"
428,29,"Male",75,"One year",47.27,3545.25,"No"
429,47,"Male",29,"Month-to-month",137.56,3989.24,"No"
430,52,"Male",33,"Month-to-month",90.7,2993.1,"Yes"
431,47,"Female",27,"Month-to-month",53.08,1433.16,"No"
432,42,"Male",25,"Month-to-month",43.11,1077.75,"No"
433,67,"Male",72,"Month-to-month",43.2,3110.4,"Yes"
434,64,"Male",97,"One year",132.35,12837.95,"No"
435,71,"Male",92,"Month-to-month",110.36,10153.12,"No"
436,20,"Female",56,"Month-to-month",107.87,6040.72,"No"
437,68,"Female",40,"Month-to-month",177.11,7084.4,"No"
438,74,"Female",63,"Month-to-month",54.61,3440.43,"No"
439,35,"Male",108,"Month-to-month",156.75,16929,"Yes"
440,49,"Female",72,"Month-to-month",59.49,4283.28,"No"
441,34,"Male",80,"Month-to-month",48.2,3856,"Yes"
442,55,"Male",10,"Month-to-month",45.94,459.4,"No"
443,59,"Male",15,"One year",179.54,2693.1,"No"
444,57,"Male",42,"Two year",140.37,5895.54,"No"
445,59,"Male",24,"One year",102.22,2453.28,"Yes"
446,49,"Female",104,"Month-to-month",148.88,15483.52,"No"
447,43,"Female",92,"One year",147.29,13550.68,"No"
448,30,"Male",40,"Month-to-month",136.41,5456.4,"No"
449,37,"Male",2,"One year",184.88,369.76,"Yes"
450,55,"Female",110,"One year",55.94,6153.4,"No"
451,37,"Male",18,"Month-to-month",98.3,1769.4,"Yes"
452,46,"Female",75,"One year",26.67,2000.25,"No"
453,37,"Female",2,"Month-to-month",48.34,96.68,"No"
454,47,"Female",60,"Month-to-month",146.4,8784,"Yes"
455,58,"Male",19,"Month-to-month",153.21,2910.99,"No"
456,65,"Male",112,"Month-to-month",97.35,10903.2,"No"
457,25,"Female",66,"Two year",83.17,5489.22,"No"
458,56,"Male",41,"Month-to-month",107.17,4393.97,"No"
459,27,"Female",87,"Month-to-month",24.25,2109.75,"No"
460,34,"Male",5,"Two year",172.82,864.1,"No"
461,80,"Female",6,"Two year",137.48,824.88,"No"
462,35,"Male",114,"One year",53.44,6092.16,"No"
463,57,"Male",81,"One year",118.53,9600.93,"No"
464,68,"Female",27,"Month-to-month",177.26,4786.02,"No"
465,59,"Female",12,"One year",61.31,735.72,"No"
466,72,"Female",79,"Two year",81.15,6410.85,"Yes"
467,28,"Female",98,"Month-to-month",159.71,15651.58,"No"
468,66,"Female",14,"One year",62.82,879.48,"Yes"
469,61,"Male",2,"One year",33.75,67.5,"No"
470,19,"Female",80,"Month-to-month",95.33,7626.4,"No"
471,36,"Male",15,"One year",55.9,838.5,"No"
472,30,"Female",61,"Month-to-month",137.31,8375.91,"No"
473,30,"Male",74,"Month-to-month",131.91,9761.34,"Yes"
474,48,"Female",117,"Month-to-month",95.23,11141.91,"No"
475,47,"Male",24,"Month-to-month",46.76,1122.24,"No"
476,68,"Male",91,"One year",53.11,4833.01,"No"
477,39,"Female",3,"Month-to-month",96.56,289.68,"Yes"
478,47,"Female",34,"Month-to-month",90.04,3061.36,"No"
479,27,"Male",43,"One year",30.31,1303.33,"No"
480,33,"Female",40,"One year",20.99,839.6,"Yes"
481,22,"Male",59,"Two year",178.94,10557.46,"No"
482,53,"Male",30,"Month-to-month",75,2250,"No"
483,67,"Male",16,"Two year",193.25,3092,"No"
484,50,"Male",9,"Month-to-month",141.64,1274.76,"No"
485,33,"Female",57,"One year",173.77,9904.89,"No"
486,45,"Male",64,"One year",97.9,6265.6,"Yes"
487,66,"Female",47,"One year",186.61,8770.67,"Yes"
488,29,"Female",77,"One year",155.79,11995.83,"No"
489,70,"Female",55,"Two year",69.87,3842.85,"No"
490,45,"Female",91,"One year",143.57,13064.87,"No"
491,19,"Female",82,"One year",185.84,15238.88,"Yes"
492,67,"Female",111,"Month-to-month",153.33,17019.63,"Yes"
493,29,"Male",44,"Month-to-month",141.05,6206.2,"Yes"
494,64,"Female",117,"Month-to-month",153.94,18010.98,"No"
495,68,"Female",73,"Month-to-month",40.4,2949.2,"No"
496,70,"Female",99,"One year",27.39,2711.61,"No"
497,23,"Male",109,"Month-to-month",87.16,9500.44,"No"
498,33,"Male",58,"Month-to-month",110.3,6397.4,"No"
499,75,"Female",73,"One year",191.07,13948.11,"No"
500,32,"Male",48,"Two year",190.72,9154.56,"No"
501,36,"Male",69,"Month-to-month",136.03,9386.07,"No"
502,76,"Male",40,"Month-to-month",76.78,3071.2,"No"
503,20,"Female",92,"One year",115.83,10656.36,"No"
504,63,"Female",62,"Month-to-month",141.44,8769.28,"No"
505,50,"Female",82,"Month-to-month",174.3,14292.6,"Yes"
506,73,"Male",6,"Month-to-month",120.26,721.56,"No"
507,50,"Male",104,"One year",36.99,3846.96,"No"
508,65,"Male",107,"Month-to-month",148.02,15838.14,"No"
509,28,"Female",107,"Month-to-month",170.34,18226.38,"No"
510,53,"Male",22,"Month-to-month",90.7,1995.4,"No"
511,73,"Female",90,"Two year",55.05,4954.5,"No"
512,61,"Female",38,"One year",66.51,2527.38,"No"
513,62,"Female",36,"Two year",26.69,960.84,"No"
514,27,"Male",15,"Month-to-month",115.16,1727.4,"No"
515,59,"Male",49,"Month-to-month",126.34,6190.66,"No"
516,41,"Male",27,"Month-to-month",124.82,3370.14,"No"
517,45,"Male",72,"One year",181.47,13065.84,"No"
518,56,"Female",57,"Month-to-month",96.77,5515.89,"No"
519,35,"Female",86,"Month-to-month",62.76,5397.36,"No"
520,34,"Female",107,"Month-to-month",112.26,12011.82,"No"
521,37,"Male",118,"One year",31.97,3772.46,"No"
522,76,"Female",114,"One year",138.73,15815.22,"Yes"
523,26,"Female",89,"Month-to-month",152.23,13548.47,"No"
524,70,"Female",14,"Two year",59.39,831.46,"No"
525,28,"Female",108,"Month-to-month",54.17,5850.36,"No"
526,61,"Female",72,"One year",177.1,12751.2,"No"
527,25,"Male",3,"One year",72.54,217.62,"No"
528,67,"Male",64,"One year",197.5,12640,"No"
529,22,"Female",42,"Month-to-month",151.25,6352.5,"No"
530,46,"Female",19,"Month-to-month",187.43,3561.17,"No"
531,67,"Female",31,"Month-to-month",155.32,4814.92,"Yes"
532,23,"Female",44,"Month-to-month",78.46,3452.24,"No"
533,27,"Male",110,"Month-to-month",87.57,9632.7,"No"
534,43,"Male",109,"Month-to-month",26.15,2850.35,"No"
535,26,"Male",70,"One year",181.07,12674.9,"Yes"
536,28,"Male",119,"One year",113.89,13552.91,"No"
537,72,"Male",26,"One year",82.06,2133.56,"No"
538,23,"Female",29,"Month-to-month",165.92,4811.68,"No"
539,49,"Female",39,"Month-to-month",162.53,6338.67,"No"
540,29,"Male",21,"One year",160.71,3374.91,"No"
541,36,"Female",57,"Two year",115.77,6598.89,"Yes"
542,44,"Female",117,"Month-to-month",39.69,4643.73,"No"
543,73,"Male",4,"Month-to-month",179.9,719.6,"No"
544,49,"Female",10,"Month-to-month",43.91,439.1,"Yes"
545,44,"Female",80,"Month-to-month",169.36,13548.8,"No"
546,47,"Male",55,"Month-to-month",119.58,6576.9,"No"
547,72,"Female",80,"Month-to-month",120.31,9624.8,"Yes"
548,21,"Male",35,"Month-to-month",152.19,5326.65,"No"
549,41,"Female",115,"One year",89.92,10340.8,"No"
550,45,"Male",115,"One year",165.56,19039.4,"No"
551,20,"Male",39,"Month-to-month",173.38,6761.82,"No"
552,63,"Female",30,"Month-to-month",162.72,4881.6,"No"
553,57,"Female",21,"Month-to-month",95.06,1996.26,"No"
554,23,"Female",91,"One year",49.98,4548.18,"Yes"
555,53,"Male",38,"One year",150.47,5717.86,"No"
556,72,"Male",111,"Month-to-month",37.04,4111.44,"No"
557,59,"Male",2,"Month-to-month",30.24,60.48,"No"
558,65,"Male",46,"Two year",23.97,1102.62,"No"
559,76,"Female",36,"Month-to-month",137.41,4946.76,"No"
560,73,"Female",118,"Month-to-month",144.78,17084.04,"No"
561,47,"Female",54,"Two year",53.32,2879.28,"No"
562,65,"Female",10,"Month-to-month",163.32,1633.2,"No"
563,69,"Female",37,"Month-to-month",162.34,6006.58,"No"
564,27,"Male",44,"One year",133.67,5881.48,"Yes"
565,42,"Female",68,"One year",191.96,13053.28,"No"
566,55,"Male",99,"One year",46.06,4559.94,"Yes"
567,68,"Male",7,"Month-to-month",30.99,216.93,"No"
568,53,"Female",11,"Month-to-month",189.47,2084.17,"No"
569,58,"Male",118,"One year",172.41,20344.38,"No"
570,42,"Male",111,"Two year",84.01,9325.11,"No"
571,21,"Male",2,"One year",92.23,184.46,"No"
572,32,"Female",105,"Month-to-month",193.23,20289.15,"No"
573,69,"Female",13,"One year",37.53,487.89,"No"
574,39,"Male",32,"One year",147.68,4725.76,"Yes"
575,70,"Male",11,"Month-to-month",119.67,1316.37,"No"
576,66,"Male",87,"Month-to-month",178.95,15568.65,"No"
577,41,"Male",40,"One year",151.94,6077.6,"No"
578,56,"Male",40,"Month-to-month",133.31,5332.4,"No"
579,64,"Female",6,"Two year",47.99,287.94,"No"
580,77,"Male",5,"Month-to-month",105.36,526.8,"No"
581,80,"Male",29,"Month-to-month",98.33,2851.57,"No"
582,54,"Female",105,"Month-to-month",48.01,5041.05,"No"
583,63,"Female",105,"Month-to-month",169.96,17845.8,"No"
584,71,"Female",101,"Month-to-month",71.88,7259.88,"No"
585,64,"Female",48,"One year",134.46,6454.08,"No"
586,32,"Female",60,"One year",106.62,6397.2,"No"
587,33,"Male",106,"Month-to-month",121.89,12920.34,"No"
588,36,"Female",65,"Month-to-month",129.99,8449.35,"Yes"
589,25,"Female",10,"Two year",39.09,390.9,"No"
590,48,"Male",2,"Two year",107.61,215.22,"No"
591,75,"Female",99,"One year",49.22,4872.78,"Yes"
592,54,"Male",109,"Two year",97.29,10604.61,"Yes"
593,56,"Female",63,"One year",140.69,8863.47,"No"
594,69,"Male",103,"Month-to-month",123.1,12679.3,"No"
595,65,"Female",77,"Month-to-month",68.04,5239.08,"No"
596,77,"Male",118,"One year",74,8732,"No"
597,79,"Female",92,"Two year",21.92,2016.64,"No"
598,33,"Male",15,"Month-to-month",73.28,1099.2,"No"
599,26,"Female",70,"One year",146.69,10268.3,"No"
600,28,"Female",61,"Month-to-month",33.09,2018.49,"No"
601,60,"Male",15,"Month-to-month",195.44,2931.6,"No"
602,68,"Female",98,"One year",164.23,16094.54,"No"
603,47,"Female",49,"Two year",180.38,8838.62,"No"
604,78,"Male",35,"One year",113.37,3967.95,"No"
605,27,"Male",57,"Month-to-month",81.81,4663.17,"Yes"
606,72,"Female",50,"Month-to-month",104,5200,"No"
607,78,"Male",74,"Month-to-month",39.56,2927.44,"No"
608,51,"Male",76,"Month-to-month",61.29,4658.04,"No"
609,74,"Female",8,"Month-to-month",87.48,699.84,"No"
610,79,"Female",8,"Month-to-month",92.39,739.12,"No"
611,55,"Male",105,"Month-to-month",139.87,14686.35,"No"
612,37,"Female",4,"One year",44.94,179.76,"No"
613,80,"Female",116,"One year",103.59,12016.44,"No"
614,63,"Female",15,"Month-to-month",46.46,696.9,"No"
615,31,"Male",81,"Month-to-month",119.51,9680.31,"No"
616,23,"Male",91,"Month-to-month",24.95,2270.45,"No"
617,35,"Male",34,"Month-to-month",164.9,5606.6,"No"
618,19,"Female",27,"Two year",170.64,4607.28,"Yes"
619,73,"Female",71,"Month-to-month",56.26,3994.46,"No"
620,25,"Male",91,"Two year",119.02,10830.82,"No"
621,28,"Female",13,"One year",130.33,1694.29,"Yes"
622,38,"Female",8,"Month-to-month",43.77,350.16,"No"
623,74,"Female",25,"Month-to-month",145.51,3637.75,"No"
624,24,"Male",64,"One year",177.99,11391.36,"Yes"
625,68,"Male",53,"Month-to-month",191.07,10126.71,"No"
626,40,"Male",53,"Month-to-month",152.1,8061.3,"Yes"
627,25,"Male",118,"Month-to-month",20.31,2396.58,"No"
628,76,"Female",26,"Two year",158.79,4128.54,"No"
629,27,"Female",81,"One year",81.96,6638.76,"Yes"
630,54,"Male",12,"One year",93.92,1127.04,"No"
631,34,"Male",45,"Month-to-month",20.56,925.2,"No"
632,72,"Female",16,"Month-to-month",80.51,1288.16,"No"
633,23,"Male",10,"Two year",78.39,783.9,"No"
634,57,"Female",5,"Month-to-month",102.97,514.85,"No"
635,69,"Female",47,"Month-to-month",168.56,7922.32,"No"
636,23,"Male",6,"One year",138.29,829.74,"No"
637,64,"Female",21,"Month-to-month",85.99,1805.79,"No"
638,45,"Male",81,"Month-to-month",161.86,13110.66,"No"
639,49,"Female",26,"Two year",88.7,2306.2,"No"
640,66,"Female",101,"Month-to-month",189.92,19181.92,"No"
641,52,"Female",107,"Month-to-month",158.93,17005.51,"No"
642,45,"Male",95,"Month-to-month",74.96,7121.2,"Yes"
643,64,"Female",112,"Month-to-month",63.37,7097.44,"No"
644,37,"Male",76,"Month-to-month",47.89,3639.64,"No"
645,18,"Female",93,"Month-to-month",179.87,16727.91,"Yes"
646,22,"Male",43,"One year",117.23,5040.89,"No"
647,28,"Male",24,"One year",183.17,4396.08,"No"
648,64,"Female",72,"Month-to-month",199.77,14383.44,"No"
649,37,"Male",65,"Month-to-month",119.94,7796.1,"No"
650,19,"Male",87,"Month-to-month",80.14,6972.18,"No"
651,79,"Male",35,"Two year",140.37,4912.95,"Yes"
652,65,"Female",110,"Two year",177.33,19506.3,"Yes"
653,80,"Male",62,"Month-to-month",196.03,12153.86,"No"
654,79,"Male",74,"Two year",92.71,6860.54,"No"
655,72,"Male",28,"Month-to-month",152.19,4261.32,"No"
656,68,"Female",52,"One year",76.9,3998.8,"Yes"
657,27,"Male",23,"Month-to-month",102.19,2350.37,"No"
658,68,"Female",15,"Two year",62.97,944.55,"No"
659,76,"Male",39,"Month-to-month",144.62,5640.18,"No"
660,66,"Male",93,"Month-to-month",94.94,8829.42,"No"
661,24,"Male",55,"One year",144.16,7928.8,"No"
662,78,"Male",86,"Month-to-month",190.94,16420.84,"No"
663,55,"Male",16,"Month-to-month",29.17,466.72,"No"
664,61,"Male",95,"One year",131.35,12478.25,"No"
665,53,"Male",76,"Month-to-month",154.4,11734.4,"No"
666,70,"Female",20,"One year",143.66,2873.2,"No"
667,40,"Female",73,"Month-to-month",177.41,12950.93,"No"
668,68,"Male",28,"Two year",163.85,4587.8,"No"
669,51,"Female",3,"Month-to-month",178.86,536.58,"No"
670,41,"Male",115,"Month-to-month",196.55,22603.25,"No"
671,21,"Male",45,"Month-to-month",118.75,5343.75,"No"
672,71,"Male",61,"One year",160.58,9795.38,"No"
673,46,"Male",104,"Month-to-month",124.31,12928.24,"No"
674,75,"Female",57,"One year",33.82,1927.74,"No"
675,40,"Female",60,"Month-to-month",104.38,6262.8,"No"
676,76,"Female",113,"Month-to-month",47.12,5324.56,"No"
677,28,"Male",68,"Two year",120.13,8168.84,"No"
678,71,"Male",74,"Month-to-month",30.08,2225.92,"No"
679,50,"Female",113,"Two year",152.58,17241.54,"Yes"
680,71,"Male",74,"One year",20.4,1509.6,"No"
681,73,"Male",5,"One year",35.72,178.6,"No"
682,68,"Male",75,"Month-to-month",182.29,13671.75,"No"
683,67,"Male",105,"Two year",195.35,20511.75,"No"
684,76,"Female",12,"One year",75.94,911.28,"No"
685,65,"Male",5,"Month-to-month",135.56,677.8,"No"
686,20,"Female",88,"One year",137.64,12112.32,"No"
687,50,"Female",62,"Two year",130.21,8073.02,"No"
688,47,"Female",68,"Two year",178.64,12147.52,"No"
689,51,"Female",98,"Month-to-month",160.67,15745.66,"No"
690,19,"Female",96,"Month-to-month",74.79,7179.84,"No"
691,57,"Male",65,"One year",29.72,1931.8,"Yes"
692,75,"Female",83,"One year",100.34,8328.22,"Yes"
693,37,"Male",112,"Month-to-month",96.68,10828.16,"Yes"
694,31,"Male",11,"Month-to-month",134.65,1481.15,"No"
695,42,"Female",39,"One year",154.05,6007.95,"No"
696,62,"Male",29,"Month-to-month",126.08,3656.32,"No"
697,24,"Female",91,"Month-to-month",103.31,9401.21,"No"
698,57,"Male",88,"Two year",59.49,5235.12,"No"
699,78,"Male",5,"Month-to-month",101.63,508.15,"Yes"
700,52,"Male",66,"One year",158.16,10438.56,"No"
701,48,"Male",41,"Month-to-month",66.48,2725.68,"No"
702,39,"Female",26,"Month-to-month",147.32,3830.32,"No"
703,33,"Female",117,"Month-to-month",160.17,18739.89,"No"
704,76,"Female",28,"One year",89.57,2507.96,"No"
705,39,"Female",47,"Month-to-month",75.54,3550.38,"No"
706,46,"Female",70,"Month-to-month",39.94,2795.8,"No"
707,73,"Female",90,"Month-to-month",106.38,9574.2,"No"
708,50,"Male",92,"Month-to-month",152.61,14040.12,"Yes"
709,61,"Female",70,"Two year",113.19,7923.3,"No"
710,67,"Male",119,"Month-to-month",186.19,22156.61,"No"
711,70,"Female",4,"Two year",22.6,90.4,"No"
712,48,"Female",64,"Month-to-month",184.93,11835.52,"Yes"
713,63,"Male",22,"One year",124.33,2735.26,"No"
714,25,"Female",79,"One year",165.54,13077.66,"No"
715,41,"Male",6,"Month-to-month",98.04,588.24,"No"
716,77,"Male",57,"Two year",76.61,4366.77,"No"
717,47,"Female",67,"Month-to-month",93.59,6270.53,"Yes"
718,40,"Female",85,"Month-to-month",73.57,6253.45,"No"
719,54,"Male",74,"Month-to-month",41.63,3080.62,"No"
720,49,"Male",101,"Month-to-month",70.11,7081.11,"Yes"
721,34,"Female",89,"One year",69.6,6194.4,"No"
722,43,"Male",102,"Two year",81.25,8287.5,"No"
723,76,"Female",92,"Month-to-month",23.3,2143.6,"No"
724,74,"Female",65,"Month-to-month",156.96,10202.4,"No"
725,74,"Male",35,"Month-to-month",100.49,3517.15,"Yes"
726,60,"Female",40,"Month-to-month",128.21,5128.4,"No"
727,40,"Male",2,"One year",38.88,77.76,"No"
728,43,"Male",46,"One year",25.71,1182.66,"Yes"
729,53,"Female",19,"Month-to-month",53.23,1011.37,"No"
730,62,"Female",90,"Month-to-month",25.65,2308.5,"Yes"
731,25,"Female",33,"Month-to-month",188.99,6236.67,"No"
732,32,"Male",87,"Month-to-month",108.36,9427.32,"No"
733,80,"Female",3,"Month-to-month",164.45,493.35,"No"
734,76,"Male",37,"Two year",120.73,4467.01,"No"
735,53,"Male",64,"Month-to-month",39.77,2545.28,"No"
736,62,"Female",88,"Two year",21.89,1926.32,"Yes"
737,20,"Male",61,"One year",97.82,5967.02,"No"
738,56,"Male",59,"Month-to-month",57.28,3379.52,"No"
739,50,"Female",64,"Month-to-month",165.13,10568.32,"Yes"
740,55,"Male",96,"One year",111.98,10750.08,"No"
741,62,"Male",13,"One year",116.96,1520.48,"No"
742,43,"Female",73,"Month-to-month",187.06,13655.38,"No"
743,45,"Male",17,"Month-to-month",33.71,573.07,"No"
744,43,"Male",111,"Month-to-month",23.97,2660.67,"No"
745,34,"Female",78,"Month-to-month",120.41,9391.98,"No"
746,40,"Male",113,"One year",38.84,4388.92,"No"
747,70,"Male",113,"Month-to-month",67.36,7611.68,"No"
748,55,"Female",95,"Month-to-month",45.2,4294,"No"
749,27,"Female",53,"Month-to-month",47.54,2519.62,"No"
750,62,"Female",8,"Month-to-month",122.53,980.24,"No"
751,55,"Female",37,"Two year",30.54,1129.98,"No"
752,58,"Male",12,"Month-to-month",133.33,1599.96,"No"
753,25,"Female",116,"Month-to-month",152.48,17687.68,"No"
754,18,"Male",84,"One year",87.36,7338.24,"Yes"
755,33,"Male",5,"Month-to-month",146.94,734.7,"No"
756,71,"Female",120,"Month-to-month",29.62,3554.4,"Yes"
757,19,"Male",57,"Month-to-month",125.08,7129.56,"Yes"
758,57,"Male",50,"One year",67.55,3377.5,"No"
759,31,"Female",104,"Month-to-month",52.4,5449.6,"No"
760,29,"Female",51,"Month-to-month",71.76,3659.76,"No"
761,43,"Female",35,"One year",128.69,4504.15,"No"
762,25,"Female",5,"Month-to-month",95.55,477.75,"No"
763,80,"Male",72,"Month-to-month",134.5,9684,"Yes"
764,58,"Male",108,"Month-to-month",190.58,20582.64,"Yes"
765,25,"Male",37,"Two year",114.65,4242.05,"Yes"
766,74,"Male",55,"Two year",64.87,3567.85,"No"
767,26,"Female",26,"Month-to-month",153.75,3997.5,"No"
768,69,"Male",60,"Month-to-month",115.47,6928.2,"No"
769,50,"Male",89,"Month-to-month",44.54,3964.06,"No"
770,20,"Male",111,"Month-to-month",63.25,7020.75,"No"
771,57,"Female",56,"Month-to-month",41.29,2312.24,"No"
772,19,"Female",106,"One year",39.34,4170.04,"No"
773,18,"Male",86,"Month-to-month",137.14,11794.04,"No"
774,26,"Female",31,"Month-to-month",152.77,4735.87,"No"
775,72,"Male",118,"One year",100.5,11859,"Yes"
776,24,"Male",52,"Month-to-month",46.41,2413.32,"No"
777,30,"Female",9,"Month-to-month",171.29,1541.61,"No"
778,46,"Female",9,"One year",199.44,1794.96,"No"
779,37,"Male",53,"One year",23.5,1245.5,"No"
780,31,"Male",17,"One year",116.64,1982.88,"No"
781,77,"Male",105,"One year",163.35,17151.75,"No"
782,33,"Female",106,"Month-to-month",114.32,12117.92,"No"
783,24,"Female",24,"One year",64.39,1545.36,"Yes"
784,53,"Male",101,"One year",105.22,10627.22,"No"
785,62,"Female",63,"One year",72.59,4573.17,"No"
786,29,"Female",61,"Month-to-month",194.13,11841.93,"No"
787,42,"Female",75,"One year",145.84,10938,"No"
788,44,"Female",96,"Month-to-month",154.39,14821.44,"No"
789,30,"Male",80,"Month-to-month",22.45,1796,"Yes"
790,37,"Female",110,"One year",92.16,10137.6,"No"
791,27,"Male",27,"Month-to-month",101.7,2745.9,"No"
792,47,"Female",28,"Month-to-month",41.92,1173.76,"No"
793,80,"Male",95,"One year",66.3,6298.5,"No"
794,58,"Female",14,"Month-to-month",46.9,656.6,"No"
795,29,"Male",13,"One year",95.06,1235.78,"No"
796,25,"Male",47,"Two year",58.92,2769.24,"No"
797,24,"Female",14,"Month-to-month",114.08,1597.12,"No"
798,74,"Male",103,"Month-to-month",179.81,18520.43,"No"
799,32,"Female",95,"One year",112.99,10734.05,"No"
800,36,"Male",74,"One year",96.51,7141.74,"No"
801,66,"Female",93,"Month-to-month",73.14,6802.02,"Yes"
802,60,"Male",92,"Month-to-month",60.4,5556.8,"Yes"
803,56,"Female",9,"Month-to-month",29.57,266.13,"No"
804,68,"Female",77,"One year",161.45,12431.65,"No"
805,80,"Male",78,"Month-to-month",192.47,15012.66,"Yes"
806,40,"Female",48,"One year",183.93,8828.64,"No"
807,75,"Female",69,"Month-to-month",72.54,5005.26,"Yes"
808,52,"Male",90,"Month-to-month",63.86,5747.4,"No"
809,23,"Male",77,"Month-to-month",75.4,5805.8,"No"
810,24,"Male",78,"Month-to-month",79.07,6167.46,"No"
811,21,"Male",72,"Month-to-month",130.63,9405.36,"No"
812,27,"Male",71,"Month-to-month",134.31,9536.01,"Yes"
813,34,"Female",99,"Month-to-month",39.45,3905.55,"Yes"
814,65,"Female",59,"Two year",109.65,6469.35,"No"
815,25,"Male",64,"Month-to-month",28.56,1827.84,"No"
816,70,"Male",45,"Month-to-month",138.4,6228,"No"
817,20,"Male",57,"Month-to-month",191.83,10934.31,"No"
818,61,"Female",46,"One year",192.22,8842.12,"Yes"
819,70,"Male",77,"Month-to-month",183.87,14157.99,"No"
820,63,"Male",57,"Month-to-month",105.67,6023.19,"No"
821,54,"Female",117,"Month-to-month",86.46,10115.82,"Yes"
822,31,"Female",45,"Month-to-month",90.1,4054.5,"Yes"
823,45,"Female",110,"One year",189.34,20827.4,"No"
824,23,"Male",82,"Two year",143.54,11770.28,"No"
825,26,"Male",20,"One year",95.05,1901,"No"
826,50,"Male",96,"Month-to-month",106.46,10220.16,"Yes"
827,69,"Female",116,"One year",154.48,17919.68,"No"
828,63,"Male",43,"Month-to-month",152.29,6548.47,"No"
829,36,"Female",72,"Month-to-month",104.81,7546.32,"No"
830,54,"Male",111,"One year",94.05,10439.55,"No"
831,51,"Male",8,"One year",92.37,738.96,"No"
832,18,"Female",15,"Month-to-month",140.84,2112.6,"Yes"
833,45,"Female",97,"Month-to-month",144.33,14000.01,"No"
834,69,"Female",21,"Two year",30.61,642.81,"Yes"
835,47,"Male",50,"Two year",102.84,5142,"No"
836,21,"Female",105,"Month-to-month",111,11655,"No"
837,76,"Female",108,"Month-to-month",48.29,5215.32,"No"
838,43,"Female",81,"Two year",74.51,6035.31,"No"
839,75,"Female",109,"Month-to-month",56.04,6108.36,"No"
840,28,"Male",112,"Month-to-month",41.04,4596.48,"No"
841,22,"Female",58,"Month-to-month",173.24,10047.92,"No"
842,71,"Female",61,"Two year",81.16,4950.76,"Yes"
843,53,"Male",33,"Month-to-month",31.12,1026.96,"Yes"
844,36,"Female",61,"Month-to-month",136.11,8302.71,"No"
845,52,"Female",117,"One year",157.46,18422.82,"No"
846,50,"Female",23,"One year",116.62,2682.26,"No"
847,56,"Female",70,"One year",110.44,7730.8,"No"
848,22,"Male",81,"One year",156.08,12642.48,"No"
849,78,"Male",28,"Month-to-month",179.48,5025.44,"No"
850,40,"Male",102,"Month-to-month",168.79,17216.58,"Yes"
851,58,"Female",4,"One year",110.16,440.64,"Yes"
852,42,"Male",10,"Month-to-month",163.33,1633.3,"No"
853,80,"Male",29,"Month-to-month",54.72,1586.88,"No"
854,73,"Female",47,"Month-to-month",87.1,4093.7,"No"
855,66,"Female",87,"One year",93.3,8117.1,"No"
856,38,"Male",2,"One year",36.57,73.14,"Yes"
857,22,"Male",92,"Month-to-month",20.36,1873.12,"No"
858,73,"Male",7,"Month-to-month",90.13,630.91,"No"
859,29,"Female",82,"Month-to-month",48.54,3980.28,"No"
860,19,"Female",41,"Month-to-month",178.21,7306.61,"Yes"
861,71,"Female",1,"Month-to-month",126.29,126.29,"No"
862,35,"Male",11,"Two year",101.3,1114.3,"No"
863,21,"Female",72,"Two year",115.89,8344.08,"No"
864,59,"Female",114,"Month-to-month",29.14,3321.96,"Yes"
865,64,"Female",14,"Month-to-month",155.61,2178.54,"Yes"
866,40,"Female",8,"One year",143.92,1151.36,"No"
867,71,"Female",8,"Two year",43.03,344.24,"No"
868,25,"Female",71,"One year",129.97,9227.87,"No"
869,18,"Female",63,"Month-to-month",136.94,8627.22,"No"
870,73,"Male",116,"Month-to-month",81.98,9509.68,"No"
871,28,"Male",63,"Month-to-month",144,9072,"No"
872,54,"Male",50,"Month-to-month",122.39,6119.5,"Yes"
873,28,"Male",8,"Month-to-month",69.81,558.48,"Yes"
874,32,"Male",73,"One year",184.62,13477.26,"Yes"
875,32,"Female",38,"Month-to-month",28.29,1075.02,"No"
876,74,"Male",61,"Month-to-month",182.55,11135.55,"No"
877,73,"Male",107,"One year",167.15,17885.05,"No"
878,59,"Male",48,"Two year",78.34,3760.32,"Yes"
879,32,"Male",59,"One year",95.16,5614.44,"No"
880,32,"Male",106,"Month-to-month",110.77,11741.62,"Yes"
881,69,"Male",37,"Month-to-month",119.38,4417.06,"No"
882,61,"Male",56,"Month-to-month",33.13,1855.28,"No"
883,58,"Male",52,"Month-to-month",77.46,4027.92,"Yes"
884,78,"Female",73,"One year",62.01,4526.73,"No"
885,42,"Male",3,"Month-to-month",37.57,112.71,"Yes"
886,53,"Male",34,"Month-to-month",195.98,6663.32,"No"
887,20,"Male",99,"One year",81.61,8079.39,"Yes"
888,24,"Male",1,"Month-to-month",187.93,187.93,"No"
889,21,"Male",40,"One year",165.82,6632.8,"No"
890,73,"Male",58,"Two year",93.68,5433.44,"No"
891,57,"Male",3,"One year",163.56,490.68,"No"
892,70,"Female",96,"Month-to-month",63.98,6142.08,"No"
893,54,"Female",6,"Two year",160.11,960.66,"No"
894,41,"Male",104,"Two year",35.46,3687.84,"No"
895,55,"Male",79,"Month-to-month",58.16,4594.64,"No"
896,21,"Female",81,"Month-to-month",196.99,15956.19,"Yes"
897,20,"Male",95,"One year",28.13,2672.35,"No"
898,28,"Male",20,"One year",118.21,2364.2,"No"
899,27,"Female",19,"Month-to-month",141.28,2684.32,"No"
900,46,"Male",18,"Month-to-month",69.73,1255.14,"No"
901,40,"Female",99,"Two year",108.73,10764.27,"Yes"
902,22,"Male",119,"Month-to-month",174.71,20790.49,"No"
903,41,"Female",16,"Month-to-month",107.26,1716.16,"No"
904,49,"Male",93,"Month-to-month",44.44,4132.92,"No"
905,42,"Male",11,"Month-to-month",77.09,847.99,"No"
906,28,"Female",69,"Month-to-month",157.93,10897.17,"Yes"
907,27,"Female",76,"Month-to-month",28.13,2137.88,"No"
908,32,"Male",67,"One year",186.53,12497.51,"No"
909,68,"Female",38,"Two year",142.93,5431.34,"No"
910,77,"Male",36,"One year",95.02,3420.72,"No"
911,48,"Female",94,"Month-to-month",44.36,4169.84,"Yes"
912,27,"Female",28,"One year",186.8,5230.4,"Yes"
913,62,"Male",55,"One year",61.69,3392.95,"Yes"
914,76,"Female",61,"Month-to-month",153.1,9339.1,"No"
915,41,"Male",21,"Month-to-month",21.46,450.66,"Yes"
916,52,"Male",96,"Month-to-month",64.75,6216,"No"
917,67,"Female",10,"One year",198.1,1981,"No"
918,27,"Male",20,"Month-to-month",149.08,2981.6,"No"
919,25,"Male",41,"One year",137.31,5629.71,"No"
920,61,"Female",47,"Month-to-month",63.3,2975.1,"No"
921,59,"Male",106,"Month-to-month",35.62,3775.72,"No"
922,49,"Male",30,"One year",73.4,2202,"No"
923,56,"Female",50,"Month-to-month",117.57,5878.5,"Yes"
924,24,"Female",75,"Month-to-month",160.52,12039,"Yes"
925,55,"Female",28,"Two year",68.93,1930.04,"No"
926,34,"Male",82,"Month-to-month",77.09,6321.38,"No"
927,37,"Male",66,"Two year",190.58,12578.28,"No"
928,50,"Male",21,"Month-to-month",108.25,2273.25,"Yes"
929,54,"Male",101,"Month-to-month",195.13,19708.13,"No"
930,27,"Female",101,"Month-to-month",172.26,17398.26,"No"
931,62,"Female",116,"Two year",196.34,22775.44,"Yes"
932,27,"Female",58,"Two year",40.52,2350.16,"No"
933,19,"Female",55,"One year",76.52,4208.6,"No"
934,32,"Female",19,"Month-to-month",190.04,3610.76,"No"
935,40,"Female",15,"Month-to-month",135.48,2032.2,"Yes"
936,64,"Male",92,"Month-to-month",196.3,18059.6,"Yes"
937,57,"Female",88,"One year",194.96,17156.48,"No"
938,52,"Female",98,"One year",151.5,14847,"No"
939,19,"Female",42,"Month-to-month",90.53,3802.26,"No"
940,23,"Male",53,"One year",139.42,7389.26,"No"
941,63,"Female",84,"One year",66.3,5569.2,"Yes"
942,76,"Male",102,"One year",75.76,7727.52,"Yes"
943,64,"Female",119,"One year",171.28,20382.32,"No"
944,68,"Male",69,"Month-to-month",143.89,9928.41,"No"
945,26,"Female",18,"One year",159.49,2870.82,"No"
946,40,"Male",91,"One year",75.41,6862.31,"Yes"
947,42,"Male",41,"Month-to-month",135.48,5554.68,"No"
948,32,"Male",95,"Month-to-month",130.41,12388.95,"No"
949,39,"Male",75,"One year",60.78,4558.5,"No"
950,65,"Female",93,"Month-to-month",64.31,5980.83,"Yes"
951,25,"Male",65,"Two year",178,11570,"No"
952,46,"Female",7,"Month-to-month",161.26,1128.82,"No"
953,58,"Female",46,"One year",24.62,1132.52,"No"
954,38,"Female",104,"One year",155.96,16219.84,"No"
955,72,"Female",35,"One year",181.59,6355.65,"Yes"
956,65,"Male",113,"Month-to-month",180.75,20424.75,"No"
957,26,"Male",13,"Month-to-month",41.5,539.5,"No"
958,51,"Male",80,"One year",195.73,15658.4,"No"
959,73,"Female",28,"Month-to-month",183.81,5146.68,"No"
960,58,"Male",97,"Two year",66.62,6462.14,"Yes"
961,60,"Male",101,"Month-to-month",180.01,18181.01,"No"
962,73,"Female",113,"Month-to-month",169.94,19203.22,"No"
963,28,"Male",8,"Month-to-month",99.07,792.56,"No"
964,21,"Male",51,"Month-to-month",33.82,1724.82,"No"
965,24,"Female",68,"One year",175.91,11961.88,"No"
966,73,"Male",108,"Month-to-month",78.26,8452.08,"No"
967,67,"Female",43,"Month-to-month",61.78,2656.54,"No"
968,77,"Male",56,"Month-to-month",169,9464,"No"
969,28,"Female",11,"Month-to-month",198.48,2183.28,"No"
970,71,"Male",10,"Month-to-month",61.43,614.3,"No"
971,50,"Female",115,"One year",35.99,4138.85,"No"
972,28,"Female",71,"Two year",134.33,9537.43,"No"
973,77,"Male",85,"Month-to-month",174.18,14805.3,"No"
974,75,"Female",113,"Month-to-month",53.11,6001.43,"No"
975,55,"Male",64,"Month-to-month",110.99,7103.36,"Yes"
976,38,"Male",46,"Month-to-month",84,3864,"No"
977,27,"Male",117,"Month-to-month",168.41,19703.97,"Yes"
978,74,"Female",75,"Month-to-month",107.07,8030.25,"No"
979,67,"Female",2,"Month-to-month",61.74,123.48,"No"
980,20,"Male",77,"One year",68.63,5284.51,"No"
981,52,"Female",59,"One year",168.14,9920.26,"No"
982,51,"Female",25,"One year",24.65,616.25,"No"
983,75,"Male",23,"Month-to-month",93.07,2140.61,"No"
984,57,"Female",20,"Month-to-month",127.29,2545.8,"No"
985,45,"Male",68,"Month-to-month",115.17,7831.56,"No"
986,30,"Male",35,"Month-to-month",142.86,5000.1,"No"
987,25,"Male",74,"One year",111.41,8244.34,"No"
988,19,"Male",52,"Month-to-month",119.79,6229.08,"No"
989,76,"Female",1,"Month-to-month",171.42,171.42,"No"
990,23,"Female",84,"One year",76.25,6405,"No"
991,40,"Male",83,"Two year",26.47,2197.01,"No"
992,34,"Male",39,"One year",166.88,6508.32,"Yes"
993,49,"Male",39,"One year",160.14,6245.46,"No"
994,31,"Female",96,"Month-to-month",174.69,16770.24,"No"
995,24,"Male",96,"One year",31.83,3055.68,"No"
996,30,"Male",103,"Month-to-month",21.59,2223.77,"No"
997,25,"Male",63,"Month-to-month",126.5,7969.5,"Yes"
998,55,"Female",37,"One year",176.53,6531.61,"No"
999,28,"Female",42,"One year",100.33,4213.86,"Yes"
1000,59,"Male",59,"Month-to-month",26.76,1578.84,"No"
